Pareigos,Atlyginimas_nuo,ATLYGINIMAS_NUO,APMOKÄ–JIMO_BÅªDAS,APMOKÄ–JIMO_PERIODIÅ KUMAS,Ä®MONÄ–,Nuoroda
VirtuvÄ—s darbuotojai,1200,2000,Ä® rankas,â‚¬/mÄ—n.,https://www.cvbankas.lt/virtuves-darbuotojai-kaune/1-7659769
TIEKIMO VADYBININKAS (-Ä–),1500,1600,Ä® rankas,â‚¬/mÄ—n.,https://www.cvbankas.lt/tiekimo-vadybininkas-e-panevezyje/1-4325787
VIDINIÅ² DUOMENÅ² SPECIALISTAS (-Ä–),1800,1800,NeatskaiÄius mokesÄiÅ³,â‚¬/mÄ—n.,https://www.cvbankas.lt/vidiniu-duomenu-specialistas-e-vilniuje/1-9816653
Vyr. buhalteris (-Ä—),2000,2500,Ä® rankas,â‚¬/mÄ—n.,https://www.cvbankas.lt/vyr-buhalteris-e-vilniuje/1-9420465
"SiuntÅ³ skirstytojas (-a) Lentvario g. (0,75 etatas)",710,830,Ä® rankas,â‚¬/mÄ—n.,https://www.cvbankas.lt/siuntu-skirstytojas-a-lentvario-g-0-75-etatas-vilniuje/1-9780403
DÅ¾iaugsmo paskirstymo operatorius (-Ä—) ğŸ˜,5,5,Ä® rankas,â‚¬/val.,https://www.cvbankas.lt/dziaugsmo-paskirstymo-operatorius-e-kaune/1-4338937
PrekiÅ³ prieÅ¾iÅ«ros vadybininkas (-Ä—) (MERCHANDISER),1100,1100,NeatskaiÄius mokesÄiÅ³,â‚¬/mÄ—n.,https://www.cvbankas.lt/prekiu-prieziuros-vadybininkas-e-merchandiser-kaune/1-9815477
IÅ¡oriniÅ³ klientÅ³ aptarnavimo ir pardavimo specialistas Kaune,840,1300,NeatskaiÄius mokesÄiÅ³,â‚¬/mÄ—n.,https://www.cvbankas.lt/isoriniu-klientu-aptarnavimo-ir-pardavimo-specialistas-kaune-kaune/1-9457194
Apskaitininkas restoranÅ³ tinkle,800,800,Ä® rankas,â‚¬/mÄ—n.,https://www.cvbankas.lt/apskaitininkas-restoranu-tinkle-vilniuje/1-9561502
APKLAUSÅ² VYKDYTOJA (-AS),1000,1000,Ä® rankas,â‚¬/mÄ—n.,https://www.cvbankas.lt/apklausu-vykdytoja-as-vilniuje/1-9813061
Ä®MONÄ–S ATSTOVAS GAMINIÅ² PRISTATYMUI KAUNE,1000,5500,NeatskaiÄius mokesÄiÅ³,â‚¬/mÄ—n.,https://www.cvbankas.lt/imones-atstovas-gaminiu-pristatymui-kaune-kaune/1-9812929
BuhalterÄ— (-is),800,900,Ä® rankas,â‚¬/mÄ—n.,https://www.cvbankas.lt/buhaltere-is-kaune/1-9812555
Eteismai.LT projekto koordinatorius (-Ä—),1200,1200,Ä® rankas,â‚¬/mÄ—n.,https://www.cvbankas.lt/eteismai-lt-projekto-koordinatorius-e-vilniuje/1-9812507
Vyr. virÄ—jas (-a),1000,1300,Ä® rankas,â‚¬/mÄ—n.,https://www.cvbankas.lt/vyr-virejas-a-vilniuje/1-9275670
Vehicles Specialist,1400,1400,NeatskaiÄius mokesÄiÅ³,â‚¬/mÄ—n.,https://www.cvbankas.lt/vehicles-specialist-klaipedoje/1-9666507
RestoranÅ³ vadovas,1500,3000,Ä® rankas,â‚¬/mÄ—n.,https://www.cvbankas.lt/restoranu-vadovas-klaipedoje/1-9808003
ApskaitininkÄ— (-as),1300,1400,NeatskaiÄius mokesÄiÅ³,â‚¬/mÄ—n.,https://www.cvbankas.lt/apskaitininke-as-vilniuje/1-7655221
Vairuotojas B kat.,1350,1600,NeatskaiÄius mokesÄiÅ³,â‚¬/mÄ—n.,https://www.cvbankas.lt/vairuotojas-b-kat-vilniuje/1-4197503
PardavÄ—ja (-as) - konsultantÄ— (-as),1000,1800,NeatskaiÄius mokesÄiÅ³,â‚¬/mÄ—n.,https://www.cvbankas.lt/pardaveja-as-konsultante-as-vilniuje/1-9512410
FantastiÅ¡ka INTERACTIVE studios Å¾aidimÅ³ vedÄ—jÅ³ komanda su nekantrumu laukia TAVÄ˜S!,"5,60","23,10",NeatskaiÄius mokesÄiÅ³,â‚¬/val.,https://www.cvbankas.lt/fantastiska-interactive-studios-zaidimu-vedeju-komanda-su-nekantrumu-laukia-taves-klaipedoje/1-8103457
PREKIÅ² KOMPLEKTUOTOJAS (naktinis grafikas),1150,1400,Ä® rankas,â‚¬/mÄ—n.,https://www.cvbankas.lt/prekiu-komplektuotojas-naktinis-grafikas-kaune/1-9808335
Transporto vadybininkas (-Ä—),1300,1800,Ä® rankas,â‚¬/mÄ—n.,https://www.cvbankas.lt/transporto-vadybininkas-e-vilniuje/1-9808257
Financial Controller (Financial analyst),2454,2454,NeatskaiÄius mokesÄiÅ³,â‚¬/mÄ—n.,https://www.cvbankas.lt/financial-controller-financial-analyst-kaune/1-9808199
Vyr. Buhalteris (-Ä—),4300,6600,NeatskaiÄius mokesÄiÅ³,â‚¬/mÄ—n.,https://www.cvbankas.lt/vyr-buhalteris-e-plungeje/1-9806433
Operations Specialist,1400,2000,NeatskaiÄius mokesÄiÅ³,â‚¬/mÄ—n.,https://www.cvbankas.lt/operations-specialist-vilniuje/1-9184986
PrekiÅ³ prieÅ¾iÅ«ros vadybininkas (-Ä—) Vilniuje,1000,1800,NeatskaiÄius mokesÄiÅ³,â‚¬/mÄ—n.,https://www.cvbankas.lt/prekiu-prieziuros-vadybininkas-e-vilniuje-vilniuje/1-9074751
Gamybos darbuotojas (-a),1113,1389,Ä® rankas,â‚¬/mÄ—n.,https://www.cvbankas.lt/gamybos-darbuotojas-a-klaipedoje/1-9805339
AdministratorÄ— (-ius) - apskaitininkÄ— (-as),1000,1000,Ä® rankas,â‚¬/mÄ—n.,https://www.cvbankas.lt/administratore-ius-apskaitininke-as-vilniuje/1-9805163
BaldÅ³ gamybos maÅ¡inÅ³ operatoriaus padÄ—jÄ—jas,1460,1460,NeatskaiÄius mokesÄiÅ³,â‚¬/mÄ—n.,https://www.cvbankas.lt/baldu-gamybos-masinu-operatoriaus-padejejas-vilniuje/1-3860743
Apskaitos specialistÄ— (-as),2000,2200,NeatskaiÄius mokesÄiÅ³,â‚¬/mÄ—n.,https://www.cvbankas.lt/apskaitos-specialiste-as-kaune/1-9531410
DraugiÅ¡ka ir profesionali BOTTLERY komanda VILNIUJE kvieÄia prisijungti: pardavÄ—jus (-as) - konsultantus (-es),789,924,Ä® rankas,â‚¬/mÄ—n.,https://www.cvbankas.lt/draugiska-ir-profesionali-bottlery-komanda-vilniuje-kviecia-prisijungti-pardavejus-as-konsultantus-es-vilniuje/1-9804657
Apskaitos vadovÄ— (-as),2500,2800,NeatskaiÄius mokesÄiÅ³,â‚¬/mÄ—n.,https://www.cvbankas.lt/apskaitos-vadove-as-kaune/1-9452678
"SandÄ—lininkas - prekiÅ³ rÅ«Å¡iuotojas Kaune (0,5 etato) arba pilnu etatu",400,800,Ä® rankas,â‚¬/mÄ—n.,https://www.cvbankas.lt/sandelininkas-prekiu-rusiuotojas-kaune-0-5-etato-arba-pilnu-etatu-kaune/1-9285530
Klinikos konsultantÄ— (-as) - administratorÄ— (-ius),850,1200,Ä® rankas,â‚¬/mÄ—n.,https://www.cvbankas.lt/klinikos-konsultante-as-administratore-ius-vilniuje/1-8034169
PardavimÅ³ vadybinkas,1400,1700,Ä® rankas,â‚¬/mÄ—n.,https://www.cvbankas.lt/pardavimu-vadybinkas-vilniuje/1-9804099
Gamybos darbuotojas,1580,1580,NeatskaiÄius mokesÄiÅ³,â‚¬/mÄ—n.,https://www.cvbankas.lt/gamybos-darbuotojas-vilniuje/1-8071177
",,SCALINI"" PARDUOTUVÄ–S VEDÄ–JA (-AS) - VADOVÄ– (-AS) PC AKROPOLIS",900,1300,Ä® rankas,â‚¬/mÄ—n.,https://www.cvbankas.lt/scalini-parduotuves-vedeja-as-vadove-as-pc-akropolis-vilniuje/1-9216152
"DARBAS NEREIKALAUJANTIS PATIRTIES - LAUKIAME Å½AIDIMÅ² VEDÄ–JÅ² KAUNO STUDIJOJE (0,6 - 1 ETATU)",555,1205,Ä® rankas,â‚¬/mÄ—n.,https://www.cvbankas.lt/darbas-nereikalaujantis-patirties-laukiame-zaidimu-vedeju-kauno-studijoje-0-6-1-etatu-kaune/1-9679071
InÅ¾inierius automatikas (-Ä—),2000,2800,NeatskaiÄius mokesÄiÅ³,â‚¬/mÄ—n.,https://www.cvbankas.lt/inzinierius-automatikas-e-kaune/1-6646383
MÄ—sos ir mÄ—sos gaminiÅ³ pardavÄ—ja (-as) 80 EURÅ² Ä® RANKAS - DIENAI,1280,1600,Ä® rankas,â‚¬/mÄ—n.,https://www.cvbankas.lt/mesos-ir-mesos-gaminiu-pardaveja-as-80-euru-i-rankas-dienai-vilniuje/1-9795801
Pakuotojas (-a) (ValgomÅ³jÅ³ ledÅ³ fasuotojas (-a)),1080,1250,NeatskaiÄius mokesÄiÅ³,â‚¬/mÄ—n.,https://www.cvbankas.lt/pakuotojas-a-valgomuju-ledu-fasuotojas-a-panevezyje/1-9794501
Verslo kontrolierius (-Ä—) Sausumos transporto padalinyje,3000,3400,NeatskaiÄius mokesÄiÅ³,â‚¬/mÄ—n.,https://www.cvbankas.lt/verslo-kontrolierius-e-sausumos-transporto-padalinyje-vilniuje/1-9790387
Biuro administratorius (-Ä—) â€“ teisininko asistentas (-Ä—),1450,1450,Ä® rankas,â‚¬/mÄ—n.,https://www.cvbankas.lt/biuro-administratorius-e-teisininko-asistentas-e-vilniuje/1-9793587
ELEKTRIKAS (-Ä–) VILNIUJE,1300,1500,Ä® rankas,â‚¬/mÄ—n.,https://www.cvbankas.lt/elektrikas-e-vilniuje-vilniuje/1-9732625
Technical specialist Green Energy MIPV.pro Lithuania/Latvia,1800,1800,Ä® rankas,â‚¬/mÄ—n.,https://www.cvbankas.lt/technical-specialist-green-energy-mipv-pro-lithuania-latvia-darbas-namuose/1-9790349
AutoÅ¡altkalvis - padangÅ³ montuotojas,1800,1800,NeatskaiÄius mokesÄiÅ³,â‚¬/mÄ—n.,https://www.cvbankas.lt/autosaltkalvis-padangu-montuotojas-kaune/1-7716383
SkaitmeninÄ—s rinkodaros specialistas (-Ä—),1100,1400,Ä® rankas,â‚¬/mÄ—n.,https://www.cvbankas.lt/skaitmenines-rinkodaros-specialistas-e-kaune/1-9566772
Å altkalvis - elektrikas,1000,1200,Ä® rankas,â‚¬/mÄ—n.,https://www.cvbankas.lt/saltkalvis-elektrikas-panevezyje/1-9658335
"DARBAS NEREIKALAUJANTIS PATIRTIES - LAUKIAME Å½AIDIMÅ² VEDÄ–JÅ² KAUNO STUDIJOJE (0,6 - 1 ETATU)","6,15",13,NeatskaiÄius mokesÄiÅ³,â‚¬/val.,https://www.cvbankas.lt/darbas-nereikalaujantis-patirties-laukiame-zaidimu-vedeju-kauno-studijoje-0-6-1-etatu-kaune/1-8252711
PardavÄ—jas (-a) - konsultantas (-Ä—),1600,1800,NeatskaiÄius mokesÄiÅ³,â‚¬/mÄ—n.,https://www.cvbankas.lt/pardavejas-a-konsultantas-e-kaune/1-9790109
SANDÄ–LIO LOGISTAS (-Ä–),1450,1700,NeatskaiÄius mokesÄiÅ³,â‚¬/mÄ—n.,https://www.cvbankas.lt/sandelio-logistas-e-kaune/1-9789873
Elektros Ä¯renginiÅ³ montuotojas (-a) (darbas 1-a pamaina),830,1500,Ä® rankas,â‚¬/mÄ—n.,https://www.cvbankas.lt/elektros-irenginiu-montuotojas-a-darbas-1-a-pamaina-panevezyje/1-9404223
VAIRUOTOJAS (-A) - EKSPEDITORIUS (-Ä–) SU CE AR C KAT. PO LIETUVÄ„,1155,1700,Ä® rankas,â‚¬/mÄ—n.,https://www.cvbankas.lt/vairuotojas-a-ekspeditorius-e-su-ce-ar-c-kat-po-lietuva-kaune/1-9785291
BuhalterÄ— (-is),2250,2800,NeatskaiÄius mokesÄiÅ³,â‚¬/mÄ—n.,https://www.cvbankas.lt/buhaltere-is-klaipedoje/1-9294452
Laikinas darbas gamyboje VASAROS laikotarpiu,850,950,Ä® rankas,â‚¬/mÄ—n.,https://www.cvbankas.lt/laikinas-darbas-gamyboje-vasaros-laikotarpiu-kaune/1-9786629
Gamybos darbuotojai (-os),850,1150,Ä® rankas,â‚¬/mÄ—n.,https://www.cvbankas.lt/gamybos-darbuotojai-os-kaune/1-9786627
TunelinÄ—s plovyklos operatorius (-Ä—) FabijoniÅ¡kiÅ³ g.,1200,1560,NeatskaiÄius mokesÄiÅ³,â‚¬/mÄ—n.,https://www.cvbankas.lt/tunelines-plovyklos-operatorius-e-fabijoniskiu-g-vilniuje/1-9786381
APRANGA GROUP Ä¯ savo komandas Kauno parduotuvÄ—se kvieÄia prisijungti pardavÄ—jus (-as) - konsultantus (-es)!,980,1250,NeatskaiÄius mokesÄiÅ³,â‚¬/mÄ—n.,https://www.cvbankas.lt/apranga-group-i-savo-komandas-kauno-parduotuvese-kviecia-prisijungti-pardavejus-as-konsultantus-es-kaune/1-9785671
Ekspedicijos skyriaus vadovas,2300,3500,Ä® rankas,â‚¬/mÄ—n.,https://www.cvbankas.lt/ekspedicijos-skyriaus-vadovas-vilniuje/1-9785395
TRANSPORTO PASLAUGÅ² PARDAVÄ–JAS (-A) DARBUI SU VOKIETIJOS IR BENELUX KRYPTIMIS,2200,3400,NeatskaiÄius mokesÄiÅ³,â‚¬/mÄ—n.,https://www.cvbankas.lt/transporto-paslaugu-pardavejas-a-darbui-su-vokietijos-ir-benelux-kryptimis-vilniuje/1-9540662
OPTIKOS SPECIALISTAS (-Ä–) - KONSULTANTAS (-Ä–) KAUNE,1300,2000,NeatskaiÄius mokesÄiÅ³,â‚¬/mÄ—n.,https://www.cvbankas.lt/optikos-specialistas-e-konsultantas-e-kaune-kaune/1-9089645
"Kasos darbuotojas, pilnai darbo dienai",1130,1350,NeatskaiÄius mokesÄiÅ³,â‚¬/mÄ—n.,https://www.cvbankas.lt/kasos-darbuotojas-pilnai-darbo-dienai-vilniuje/1-7954039
Senior Sales Manager (EngineStands.com),1500,2500,Ä® rankas,â‚¬/mÄ—n.,https://www.cvbankas.lt/senior-sales-manager-enginestands-com-vilniuje/1-9765125
RESTORANO VIRÄ–JA (-AS),"9,50","9,50",NeatskaiÄius mokesÄiÅ³,â‚¬/val.,https://www.cvbankas.lt/restorano-vireja-as-kaune/1-9781771
VirÄ—jas (-a) restorane,1400,1400,Ä® rankas,â‚¬/mÄ—n.,https://www.cvbankas.lt/virejas-a-restorane-vilniuje/1-9462706
SEZONINIS DARBAS VASARAI maisto pramonÄ—s gamybinÄ—je Ä¯monÄ—je (galimas ir pastovaus darbo variantas),850,1400,Ä® rankas,â‚¬/mÄ—n.,https://www.cvbankas.lt/sezoninis-darbas-vasarai-maisto-pramones-gamybineje-imoneje-galimas-ir-pastovaus-darbo-variantas-kaune/1-7707057
KlientÅ³ administratorius,800,900,Ä® rankas,â‚¬/mÄ—n.,https://www.cvbankas.lt/klientu-administratorius-vilniuje/1-9756067
SiuntÅ³ skirstytojai,800,1120,Ä® rankas,â‚¬/mÄ—n.,https://www.cvbankas.lt/siuntu-skirstytojai-kaune/1-9780401
PREKIÅ² ATRINKÄ–JAS (-A) (Å¡aldyta produkcija),1200,1800,Ä® rankas,â‚¬/mÄ—n.,https://www.cvbankas.lt/prekiu-atrinkejas-a-saldyta-produkcija-kaune/1-9778181
KlientÅ³ iÅ¡laikymo vadybininkÄ— (-as),950,2400,NeatskaiÄius mokesÄiÅ³,â‚¬/mÄ—n.,https://www.cvbankas.lt/klientu-islaikymo-vadybininke-as-kaune/1-9778053
Vyr. BuhalterÄ— (-is),2400,3700,NeatskaiÄius mokesÄiÅ³,â‚¬/mÄ—n.,https://www.cvbankas.lt/vyr-buhaltere-is-vilniuje/1-9594357
Buhalteris (-Ä—),2000,2300,NeatskaiÄius mokesÄiÅ³,â‚¬/mÄ—n.,https://www.cvbankas.lt/buhalteris-e-kaune/1-9034791
PardavÄ—jas - konsultantas pilnÄ… darbo dienÄ…,1130,1350,NeatskaiÄius mokesÄiÅ³,â‚¬/mÄ—n.,https://www.cvbankas.lt/pardavejas-konsultantas-pilna-darbo-diena-vilniuje/1-7664043
Vyr. buhalteris (-Ä—),1800,2500,Ä® rankas,â‚¬/mÄ—n.,https://www.cvbankas.lt/vyr-buhalteris-e-vilniuje/1-9776245
VERSLO KLIENTÅ² APTARNAVIMO SPECIALISTÄ– (-AS) - BACK OFFICE - GALIMA IÅ  NAMÅ² 3 D. PER SAVAITÄ˜,1200,1500,Ä® rankas,â‚¬/mÄ—n.,https://www.cvbankas.lt/verslo-klientu-aptarnavimo-specialiste-as-back-office-galima-is-namu-3-d-per-savaite-vilniuje/1-6565557
EsamÅ³ klientÅ³ iÅ¡laikymo vadybininkas telefonu,880,3300,NeatskaiÄius mokesÄiÅ³,â‚¬/mÄ—n.,https://www.cvbankas.lt/esamu-klientu-islaikymo-vadybininkas-telefonu-vilniuje/1-9648179
VirÄ—jas (-a),2000,3000,Ä® rankas,â‚¬/mÄ—n.,https://www.cvbankas.lt/virejas-a-palangoje/1-9765445
Laboratorijos technikas (-Ä—) KlaipÄ—doje,1170,1470,Ä® rankas,â‚¬/mÄ—n.,https://www.cvbankas.lt/laboratorijos-technikas-e-klaipedoje-klaipedoje/1-9764833
PardavimÅ³ vadybininkas (-Ä—) NVS rinkai,1800,3000,Ä® rankas,â‚¬/mÄ—n.,https://www.cvbankas.lt/pardavimu-vadybininkas-e-nvs-rinkai-vilniuje/1-6739315
Transporto vadybininkas (-Ä—),1000,2000,Ä® rankas,â‚¬/mÄ—n.,https://www.cvbankas.lt/transporto-vadybininkas-e-kaune/1-9761827
BÄ—geliÅ³ sukÄ—jas (-a) (PRIIMAME IR VASAROS LAIKOTARPIUI),1700,2200,NeatskaiÄius mokesÄiÅ³,â‚¬/mÄ—n.,https://www.cvbankas.lt/begeliu-sukejas-a-priimame-ir-vasaros-laikotarpiui-kaune/1-7778675
SAUGOS DARBE IR APLINKOSAUGOS SPECIALISTAS (-Ä–) VILNIUJE,2500,2500,NeatskaiÄius mokesÄiÅ³,â‚¬/mÄ—n.,https://www.cvbankas.lt/saugos-darbe-ir-aplinkosaugos-specialistas-e-vilniuje-vilniuje/1-9761113
Vidinis logistas,900,1000,Ä® rankas,â‚¬/mÄ—n.,https://www.cvbankas.lt/vidinis-logistas-panevezyje/1-4281726
VirtuvÄ—s technologiniÅ³ Ä¯rengimÅ³ prieÅ¾iÅ«ros technikas,1200,1500,Ä® rankas,â‚¬/mÄ—n.,https://www.cvbankas.lt/virtuves-technologiniu-irengimu-prieziuros-technikas-kaune/1-8067987
Rinkodaros vadybininkas (-Ä—),1818,2545,NeatskaiÄius mokesÄiÅ³,â‚¬/mÄ—n.,https://www.cvbankas.lt/rinkodaros-vadybininkas-e-vilniuje/1-9757389
Full-Stack programuotojas,3000,3800,Ä® rankas,â‚¬/mÄ—n.,https://www.cvbankas.lt/full-stack-programuotojas-vilniuje/1-9574566
EL. PARDUOTUVÄ–S UÅ½SAKYMÅ² ADMINISTRATORIUS (-Ä–),800,800,Ä® rankas,â‚¬/mÄ—n.,https://www.cvbankas.lt/el-parduotuves-uzsakymu-administratorius-e-kaune/1-9757323
KalbÅ³ mokyklos administratorius (-Ä—),1200,1200,NeatskaiÄius mokesÄiÅ³,â‚¬/mÄ—n.,https://www.cvbankas.lt/kalbu-mokyklos-administratorius-e-vilniuje/1-9757215
PicÅ³ kepÄ—jas (-a) Vilniuje,1000,1400,NeatskaiÄius mokesÄiÅ³,â‚¬/mÄ—n.,https://www.cvbankas.lt/picu-kepejas-a-vilniuje-vilniuje/1-9245128
LaborantÄ— (-as),965,965,NeatskaiÄius mokesÄiÅ³,â‚¬/mÄ—n.,https://www.cvbankas.lt/laborante-as-kaune/1-9756343
PardavÄ—jas â€“ konsultantas,1095,1095,NeatskaiÄius mokesÄiÅ³,â‚¬/mÄ—n.,https://www.cvbankas.lt/pardavejas-konsultantas-vilniuje/1-9531924
PardavimÅ³ vadybininkas KlaipÄ—doje,950,4900,NeatskaiÄius mokesÄiÅ³,â‚¬/mÄ—n.,https://www.cvbankas.lt/pardavimu-vadybininkas-klaipedoje-klaipedoje/1-9753695
Naujai atidaromai JD SPORTS parduotuvei AKROPOLYJE ieÅ¡kome PARDAVÄ–JÅ² - KONSULTANTÅ² (-ÄŒIÅ²),1000,1000,NeatskaiÄius mokesÄiÅ³,â‚¬/mÄ—n.,https://www.cvbankas.lt/naujai-atidaromai-jd-sports-parduotuvei-akropolyje-ieskome-pardaveju-konsultantu-ciu-vilniuje/1-9726087
Pamainos vadovo padÄ—jÄ—jas,950,1080,Ä® rankas,â‚¬/mÄ—n.,https://www.cvbankas.lt/pamainos-vadovo-padejejas-kaune/1-9140713
SIUNTÅ² PARUOÅ IMO OPERATORIUS (-Ä–) VILNIUJE (papildomas darbas 3:30-7:00 val. I-V),750,790,NeatskaiÄius mokesÄiÅ³,â‚¬/mÄ—n.,https://www.cvbankas.lt/siuntu-paruosimo-operatorius-e-vilniuje-papildomas-darbas-3-30-7-00-val-i-v-vilniuje/1-9681895
Transporto vadybininkas,1700,2500,Ä® rankas,â‚¬/mÄ—n.,https://www.cvbankas.lt/transporto-vadybininkas-kaune/1-9661141
AutoÅ¡altkavis,1100,1200,Ä® rankas,â‚¬/mÄ—n.,https://www.cvbankas.lt/autosaltkavis-panevezyje/1-6984687
SandÄ—lininkas (-Ä—),900,1200,Ä® rankas,â‚¬/mÄ—n.,https://www.cvbankas.lt/sandelininkas-e-kaune/1-9748467
Gamybos operatorius (-Ä—) - Technologas (-Ä—),1400,1400,NeatskaiÄius mokesÄiÅ³,â‚¬/mÄ—n.,https://www.cvbankas.lt/gamybos-operatorius-e-technologas-e-vilniuje/1-9747809
VYR.BUHALTERÄ– (-IS),2000,2500,Ä® rankas,â‚¬/mÄ—n.,https://www.cvbankas.lt/vyr-buhaltere-is-kaune/1-9459294
Montuotojas - keliÅ³ Å¾enklintojas,900,1400,Ä® rankas,â‚¬/mÄ—n.,https://www.cvbankas.lt/montuotojas-keliu-zenklintojas-vilniuje/1-7631799
Elektromechanikas (-Ä—),2000,2700,NeatskaiÄius mokesÄiÅ³,â‚¬/mÄ—n.,https://www.cvbankas.lt/elektromechanikas-e-kaune/1-8367583
Pakuotojas (-a) (LEZ),1600,1900,NeatskaiÄius mokesÄiÅ³,â‚¬/mÄ—n.,https://www.cvbankas.lt/pakuotojas-a-lez-kaune/1-8236093
Administratorius technikai,1300,1400,Ä® rankas,â‚¬/mÄ—n.,https://www.cvbankas.lt/administratorius-technikai-kaune/1-9747493
"Ekspedicijos vadybininkas (-Ä—), EU rinkai",1900,3000,Ä® rankas,â‚¬/mÄ—n.,https://www.cvbankas.lt/ekspedicijos-vadybininkas-e-eu-rinkai-vilniuje/1-6687945
PRISIJUNK PRIE Å IUOLAIKIÅ KOS AMBER STUDIOS Å½AIDIMÅ² VEDÄ–JÅ² KOMANDOS DABAR IR GAUK NET 300 EUR!!!,"5,60","23,10",NeatskaiÄius mokesÄiÅ³,â‚¬/val.,https://www.cvbankas.lt/prisijunk-prie-siuolaikiskos-amber-studios-zaidimu-vedeju-komandos-dabar-ir-gauk-net-300-eur-kaune/1-9202414
TARPTAUTINIO TRANSPORTO VADYBININKAS (-Ä–),1400,2000,Ä® rankas,â‚¬/mÄ—n.,https://www.cvbankas.lt/tarptautinio-transporto-vadybininkas-e-kaune/1-9732483
Barista. Strange Love Coffee Roasters,1000,1600,NeatskaiÄius mokesÄiÅ³,â‚¬/mÄ—n.,https://www.cvbankas.lt/barista-strange-love-coffee-roasters-vilniuje/1-9516624
ELEKTRONINÄ–S KOMERCIJOS VADYBININKAS (-Ä–),1100,2000,Ä® rankas,â‚¬/mÄ—n.,https://www.cvbankas.lt/elektronines-komercijos-vadybininkas-e-kaune/1-9704743
"TRANSPORTO PASLAUGÅ² PARDAVIMÅ² VADYBININKAS VIDURIO AZIJOS (KZ, UZ, KGZ) RINKAI (TINKA BE PATIRTIES)",1000,3500,Ä® rankas,â‚¬/mÄ—n.,https://www.cvbankas.lt/transporto-paslaugu-pardavimu-vadybininkas-vidurio-azijos-kz-uz-kgz-rinkai-tinka-be-patirties-vilniuje/1-9464224
BUHALTERIS (-Ä–),1400,1700,Ä® rankas,â‚¬/mÄ—n.,https://www.cvbankas.lt/buhalteris-e-vilniuje/1-9725123
Lyginimo operatorius,700,1200,Ä® rankas,â‚¬/mÄ—n.,https://www.cvbankas.lt/lyginimo-operatorius-kaune/1-9537750
Gamybos - SandÄ—lio darbuotojas,800,1600,Ä® rankas,â‚¬/mÄ—n.,https://www.cvbankas.lt/gamybos-sandelio-darbuotojas-vilniuje/1-6905973
BaldÅ³ gamybos maÅ¡inÅ³ operatoriaus padÄ—jÄ—jas,1280,1280,NeatskaiÄius mokesÄiÅ³,â‚¬/mÄ—n.,https://www.cvbankas.lt/baldu-gamybos-masinu-operatoriaus-padejejas-kaune/1-4341825
Jaunesnysis finansÅ³ analitikas (-Ä—) (FinansÅ³ ir apskaitos departamente),1400,2600,NeatskaiÄius mokesÄiÅ³,â‚¬/mÄ—n.,https://www.cvbankas.lt/jaunesnysis-finansu-analitikas-e-finansu-ir-apskaitos-departamente-kaune/1-9721727
Cheminio vandens paruoÅ¡imo laboratorijos vadovas (-Ä—),1300,1600,Ä® rankas,â‚¬/mÄ—n.,https://www.cvbankas.lt/cheminio-vandens-paruosimo-laboratorijos-vadovas-e-kaune/1-9650937
PardavimÅ³ vadybininkas Palangoje,950,4900,NeatskaiÄius mokesÄiÅ³,â‚¬/mÄ—n.,https://www.cvbankas.lt/pardavimu-vadybininkas-palangoje-palangoje/1-9540648
Operatorius - technikas,1200,1200,Ä® rankas,â‚¬/mÄ—n.,https://www.cvbankas.lt/operatorius-technikas-kaune/1-8207853
General Accounting Accountant,1300,1300,Ä® rankas,â‚¬/mÄ—n.,https://www.cvbankas.lt/general-accounting-accountant-darbas-namuose/1-9544810
PARDUOTUVÄ–S - VYNINÄ–S KONSULTANTAS (-Ä–),900,1000,Ä® rankas,â‚¬/mÄ—n.,https://www.cvbankas.lt/parduotuves-vynines-konsultantas-e-vilniuje/1-9655611
Linijos darbininkas (-Ä—),900,1000,Ä® rankas,â‚¬/mÄ—n.,https://www.cvbankas.lt/linijos-darbininkas-e-panevezyje/1-4416409
ProjektÅ³ vadovas restoranÅ³ techninei prieÅ¾iÅ«rai,1800,1800,Ä® rankas,â‚¬/mÄ—n.,https://www.cvbankas.lt/projektu-vadovas-restoranu-techninei-prieziurai-vilniuje/1-9621587
AtsarginiÅ³ daliÅ³ pardavimo vadybininkas (-Ä—),1500,1500,Ä® rankas,â‚¬/mÄ—n.,https://www.cvbankas.lt/atsarginiu-daliu-pardavimo-vadybininkas-e-vilniuje/1-7145853
PARDAVIMÅ² VADYBININKAS MEDIENOS GAMINIAMS,2000,3000,Ä® rankas,â‚¬/mÄ—n.,https://www.cvbankas.lt/pardavimu-vadybininkas-medienos-gaminiams-vilniuje/1-9463450
Garantinio aptarnavimo specialistas (-Ä—) LaisvÄ—s pr. 75,750,900,Ä® rankas,â‚¬/mÄ—n.,https://www.cvbankas.lt/garantinio-aptarnavimo-specialistas-e-laisves-pr-75-vilniuje/1-6741767
DarbuotojÅ³ saugos ir sveikatos specialistas,1900,2700,NeatskaiÄius mokesÄiÅ³,â‚¬/mÄ—n.,https://www.cvbankas.lt/darbuotoju-saugos-ir-sveikatos-specialistas-vilniuje/1-4476521
"Skelbiu.lt klientÅ³ aptarnavimo vadybininkÄ— (-as) 0,5 etato, darbas Å¡eÅ¡tadieniais",500,500,Ä® rankas,â‚¬/mÄ—n.,https://www.cvbankas.lt/skelbiu-lt-klientu-aptarnavimo-vadybininke-as-0-5-etato-darbas-sestadieniais-vilniuje/1-9704195
ğŸšš LOGISTIKOS PASLAUGÅ² PARDAVIMÅ² VADYBININKUI (-EI) DARBUI SU NVS Å ALIMIS,1000,3000,Ä® rankas,â‚¬/mÄ—n.,https://www.cvbankas.lt/logistikos-paslaugu-pardavimu-vadybininkui-ei-darbui-su-nvs-salimis-vilniuje/1-9651879
"VirtuvÄ—s darbuotojas VILNIUJE. Reikalingi: 1 (pilnas), 0,75, 0,5 etatai. Darbas ilgalaikis",850,1200,Ä® rankas,â‚¬/mÄ—n.,https://www.cvbankas.lt/virtuves-darbuotojas-vilniuje-reikalingi-1-pilnas-0-75-0-5-etatai-darbas-ilgalaikis-vilniuje/1-9697499
Buhalteris (-Ä—),1100,1300,Ä® rankas,â‚¬/mÄ—n.,https://www.cvbankas.lt/buhalteris-e-vilniuje/1-9129489
